<?xml version="1.0" encoding="UTF-8"?><MD_Metadata xmlns:gts="http://www.isotc211.org/2005/gts" xmlns:gco="http://www.isotc211.org/2005/gco" xmlns:xalan="http://xml.apache.org/xalan" xmlns:srv="http://www.isotc211.org/2005/srv" xmlns:gmx="http://www.isotc211.org/2005/gmx" xmlns:xlink="http://www.w3.org/1999/xlink" xmlns:xsi="http://www.w3.org/2001/XMLSchema-instance" xmlns:gml="http://www.opengis.net/gml" xmlns="http://www.isotc211.org/2005/gmd">
    <fileIdentifier>
        <gco:CharacterString>1516114226926r5146488404211851</gco:CharacterString>
    </fileIdentifier>
    <language>
        <LanguageCode codeList="http://www.loc.gov/standards/iso639-2/php/code_list.php" codeListValue="eng" codeSpace="ISO639-2">eng</LanguageCode>
    </language>
    <characterSet>
        <MD_CharacterSetCode codeList="http://www.isotc211.org/2005/resources/Codelist/gmxCodelists.xml#MD_CharacterSetCode" codeListValue="utf8" codeSpace="ISOTC211/19115">utf8</MD_CharacterSetCode>
    </characterSet>
    <hierarchyLevel>
        <MD_ScopeCode codeList="http://www.isotc211.org/2005/resources/Codelist/gmxCodelists.xml#MD_ScopeCode" codeListValue="dataset" codeSpace="ISOTC211/19115">dataset</MD_ScopeCode>
    </hierarchyLevel>
    <contact>
        <CI_ResponsibleParty>
            <organisationName>
                <gco:CharacterString>U.S. Department of Commerce, U.S. Census Bureau, Geography Division, Spatial Data Collection and Products Branch</gco:CharacterString>
            </organisationName>
            <contactInfo>
                <CI_Contact>
                    <phone>
                        <CI_Telephone>
                            <voice>
                                <gco:CharacterString>301-763-1128</gco:CharacterString>
                            </voice>
                            <facsimile>
                                <gco:CharacterString>301-763-4710</gco:CharacterString>
                            </facsimile>
                        </CI_Telephone>
                    </phone>
                    <address>
                        <CI_Address>
                            <deliveryPoint>
                                <gco:CharacterString>4600 Silver Hill Road, Stop 7400</gco:CharacterString>
                            </deliveryPoint>
                            <city>
                                <gco:CharacterString>Washington</gco:CharacterString>
                            </city>
                            <administrativeArea>
                                <gco:CharacterString>DC</gco:CharacterString>
                            </administrativeArea>
                            <postalCode>
                                <gco:CharacterString>20233-7400</gco:CharacterString>
                            </postalCode>
                            <country>
                                <Country codeList="http://www.iso.org/iso/country_codes/iso_3166_code_lists.htm" codeListValue="US" codeSpace="ISO3166-1">US</Country>
                            </country>
                            <electronicMailAddress>
                                <gco:CharacterString>geo.geography@census.gov</gco:CharacterString>
                            </electronicMailAddress>
                        </CI_Address>
                    </address>
                </CI_Contact>
            </contactInfo>
            <role>
                <CI_RoleCode codeList="http://www.isotc211.org/2005/resources/Codelist/gmxCodelists.xml#CI_RoleCode" codeListValue="pointOfContact" codeSpace="ISOTC211/19115">pointOfContact</CI_RoleCode>
            </role>
        </CI_ResponsibleParty>
    </contact>
    <dateStamp>
        <gco:Date>2016-06-01</gco:Date>
    </dateStamp>
    <metadataStandardName>
        <gco:CharacterString>NAP - Metadata</gco:CharacterString>
    </metadataStandardName>
    <metadataStandardVersion>
        <gco:CharacterString>1.2</gco:CharacterString>
    </metadataStandardVersion>
    <referenceSystemInfo>
        <MD_ReferenceSystem>
            <referenceSystemIdentifier>
                <RS_Identifier>
                    <code>
                        <gco:CharacterString>4326</gco:CharacterString>
                    </code>
                    <codeSpace>
                        <gco:CharacterString>EPSG</gco:CharacterString>
                    </codeSpace>
                    <version>
                        <gco:CharacterString>6.14(3.0.1)</gco:CharacterString>
                    </version>
                </RS_Identifier>
            </referenceSystemIdentifier>
        </MD_ReferenceSystem>
    </referenceSystemInfo>
    <identificationInfo>
        <MD_DataIdentification>
            <citation>
                <CI_Citation>
                    <title>
                        <gco:CharacterString>U.S. State Boundaries</gco:CharacterString>
                    </title>
                    <date>
                        <CI_Date>
                            <date>
                                <gco:Date>2016-01-01</gco:Date>
                            </date>
                            <dateType>
                                <CI_DateTypeCode codeList="http://www.isotc211.org/2005/resources/Codelist/gmxCodelists.xml#CI_DateTypeCode" codeListValue="publication" codeSpace="ISOTC211/19115">publication</CI_DateTypeCode>
                            </dateType>
                        </CI_Date>
                    </date>
                    <edition>
                        <gco:CharacterString>2016</gco:CharacterString>
                    </edition>
                    <citedResponsibleParty>
                        <CI_ResponsibleParty>
                            <organisationName>
                                <gco:CharacterString>U.S. Department of Commerce, U.S. Census Bureau, Geography Division</gco:CharacterString>
                            </organisationName>
                            <contactInfo gco:nilReason="missing"/>
                            <role>
                                <CI_RoleCode codeList="http://www.isotc211.org/2005/resources/Codelist/gmxCodelists.xml#CI_RoleCode" codeListValue="originator" codeSpace="ISOTC211/19115">originator</CI_RoleCode>
                            </role>
                        </CI_ResponsibleParty>
                    </citedResponsibleParty>
                    <presentationForm>
                        <CI_PresentationFormCode codeList="http://www.isotc211.org/2005/resources/Codelist/gmxCodelists.xml#CI_PresentationFormCode" codeListValue="mapDigital" codeSpace="ISOTC211/19115">mapDigital</CI_PresentationFormCode>
                    </presentationForm>
                </CI_Citation>
            </citation>
            <abstract>
                <gco:CharacterString>The TIGER/Line shapefiles and related database files (.dbf) are an extract of selected geographic and cartographic information from the U.S. Census Bureau's Master Address File / Topologically Integrated Geographic Encoding and Referencing (MAF/TIGER) Database (MTDB). The MTDB represents a seamless national file with no overlaps or gaps between parts, however, each TIGER/Line shapefile is designed to stand alone as an independent data set, or they can be combined to cover the entire nation. States and equivalent entities are the primary governmental divisions of the United States. In addition to the fifty States, the Census Bureau treats the District of Columbia, Puerto Rico, and each of the Island Areas (American Samoa, the Commonwealth of the Northern Mariana Islands, Guam, and the U.S. Virgin Islands) as the statistical equivalents of States for the purpose of data presentation.</gco:CharacterString>
            </abstract>
            <purpose>
                <gco:CharacterString>In order for others to use the information in the Census MAF/TIGER database in a geographic information system (GIS) or for other geographic applications, the Census Bureau releases to the public extracts of the database in the form of TIGER/Line Shapefiles.</gco:CharacterString>
            </purpose>
            <status>
                <MD_ProgressCode codeList="http://www.isotc211.org/2005/resources/Codelist/gmxCodelists.xml#MD_ProgressCode" codeListValue="completed" codeSpace="ISOTC211/19115">completed</MD_ProgressCode>
            </status>
            <pointOfContact>
                <CI_ResponsibleParty>
                    <organisationName>
                        <gco:CharacterString>U.S. Department of Commerce, U.S. Census Bureau, Geography Division, Spatial Data Collection and Products Branch</gco:CharacterString>
                    </organisationName>
                    <contactInfo>
                        <CI_Contact>
                            <phone>
                                <CI_Telephone>
                                    <voice>
                                        <gco:CharacterString>301-763-1128</gco:CharacterString>
                                    </voice>
                                    <facsimile>
                                        <gco:CharacterString>301-763-4710</gco:CharacterString>
                                    </facsimile>
                                </CI_Telephone>
                            </phone>
                            <address>
                                <CI_Address>
                                    <deliveryPoint>
                                        <gco:CharacterString>4600 Silver Hill Road, Stop 7400</gco:CharacterString>
                                    </deliveryPoint>
                                    <city>
                                        <gco:CharacterString>Washington</gco:CharacterString>
                                    </city>
                                    <administrativeArea>
                                        <gco:CharacterString>DC</gco:CharacterString>
                                    </administrativeArea>
                                    <postalCode>
                                        <gco:CharacterString>20233-7400</gco:CharacterString>
                                    </postalCode>
                                    <country>
                                        <Country codeList="http://www.iso.org/iso/country_codes/iso_3166_code_lists.htm" codeListValue="US" codeSpace="ISO3166-1">US</Country>
                                    </country>
                                    <electronicMailAddress>
                                        <gco:CharacterString>geo.geography@census.gov</gco:CharacterString>
                                    </electronicMailAddress>
                                </CI_Address>
                            </address>
                        </CI_Contact>
                    </contactInfo>
                    <role>
                        <CI_RoleCode codeList="http://www.isotc211.org/2005/resources/Codelist/gmxCodelists.xml#CI_RoleCode" codeListValue="pointOfContact" codeSpace="ISOTC211/19115">pointOfContact</CI_RoleCode>
                    </role>
                </CI_ResponsibleParty>
            </pointOfContact>
            <descriptiveKeywords>
                <MD_Keywords>
                    <keyword>
                        <gco:CharacterString>Hawaii</gco:CharacterString>
                    </keyword>
                    <keyword>
                        <gco:CharacterString>U.S. Virgin Islands</gco:CharacterString>
                    </keyword>
                    <keyword>
                        <gco:CharacterString>Alaska</gco:CharacterString>
                    </keyword>
                    <keyword>
                        <gco:CharacterString>CONUS</gco:CharacterString>
                    </keyword>
                    <keyword>
                        <gco:CharacterString>American Samoa</gco:CharacterString>
                    </keyword>
                    <keyword>
                        <gco:CharacterString>United States</gco:CharacterString>
                    </keyword>
                    <keyword>
                        <gco:CharacterString>Guam</gco:CharacterString>
                    </keyword>
                    <keyword>
                        <gco:CharacterString>Puerto Rico</gco:CharacterString>
                    </keyword>
                    <keyword>
                        <gco:CharacterString>Northern Marianas</gco:CharacterString>
                    </keyword>
                    <type>
                        <MD_KeywordTypeCode codeList="http://www.isotc211.org/2005/resources/Codelist/gmxCodelists.xml#MD_KeywordTypeCode" codeListValue="place" codeSpace="ISOTC211/19115">place</MD_KeywordTypeCode>
                    </type>
                    <thesaurusName>
                        <CI_Citation>
                            <title>
                                <gco:CharacterString>ANSI INCITS 38:2009 (Formerly FIPS 5-2), ANSI INCITS 31:2009 (Formerly FIPS 6-4),ANSI INCITS 454:2009 (Formerly FIPS 8-6), ANSI INCITS 455:2009(Formerly FIPS 9-1), ANSI INCITS 446:2008 (Geographic Names Information System (GNIS))</gco:CharacterString>
                            </title>
                            <date gco:nilReason="missing"/>
                            <citedResponsibleParty gco:nilReason="missing"/>
                        </CI_Citation>
                    </thesaurusName>
                </MD_Keywords>
            </descriptiveKeywords>
            <descriptiveKeywords>
                <MD_Keywords>
                    <keyword>
                        <gco:CharacterString>Hawaii</gco:CharacterString>
                    </keyword>
                    <keyword>
                        <gco:CharacterString>U.S. Virgin Islands</gco:CharacterString>
                    </keyword>
                    <keyword>
                        <gco:CharacterString>Alaska</gco:CharacterString>
                    </keyword>
                    <keyword>
                        <gco:CharacterString>CONUS</gco:CharacterString>
                    </keyword>
                    <keyword>
                        <gco:CharacterString>American Samoa</gco:CharacterString>
                    </keyword>
                    <keyword>
                        <gco:CharacterString>United States</gco:CharacterString>
                    </keyword>
                    <keyword>
                        <gco:CharacterString>Guam</gco:CharacterString>
                    </keyword>
                    <keyword>
                        <gco:CharacterString>Puerto Rico</gco:CharacterString>
                    </keyword>
                    <keyword>
                        <gco:CharacterString>Northern Marianas</gco:CharacterString>
                    </keyword>
                    <type>
                        <MD_KeywordTypeCode codeList="http://www.isotc211.org/2005/resources/Codelist/gmxCodelists.xml#MD_KeywordTypeCode" codeListValue="place" codeSpace="ISOTC211/19115">place</MD_KeywordTypeCode>
                    </type>
                    <thesaurusName>
                        <CI_Citation>
                            <title>
                                <gco:CharacterString>ANSI INCITS 38:2009 (Formerly FIPS 5-2), ANSI INCITS 31:2009 (Formerly FIPS 6-4),ANSI INCITS 454:2009 (Formerly FIPS 8-6), ANSI INCITS 455:2009(Formerly FIPS 9-1), ANSI INCITS 446:2008 (Geographic Names Information System (GNIS))</gco:CharacterString>
                            </title>
                            <date gco:nilReason="missing"/>
                            <citedResponsibleParty gco:nilReason="missing"/>
                        </CI_Citation>
                    </thesaurusName>
                </MD_Keywords>
            </descriptiveKeywords>
            <descriptiveKeywords>
                <MD_Keywords>
                    <keyword>
                        <gco:CharacterString>Hawaii</gco:CharacterString>
                    </keyword>
                    <keyword>
                        <gco:CharacterString>U.S. Virgin Islands</gco:CharacterString>
                    </keyword>
                    <keyword>
                        <gco:CharacterString>Alaska</gco:CharacterString>
                    </keyword>
                    <keyword>
                        <gco:CharacterString>CONUS</gco:CharacterString>
                    </keyword>
                    <keyword>
                        <gco:CharacterString>American Samoa</gco:CharacterString>
                    </keyword>
                    <keyword>
                        <gco:CharacterString>United States</gco:CharacterString>
                    </keyword>
                    <keyword>
                        <gco:CharacterString>Guam</gco:CharacterString>
                    </keyword>
                    <keyword>
                        <gco:CharacterString>Puerto Rico</gco:CharacterString>
                    </keyword>
                    <keyword>
                        <gco:CharacterString>Northern Marianas</gco:CharacterString>
                    </keyword>
                    <type>
                        <MD_KeywordTypeCode codeList="http://www.isotc211.org/2005/resources/Codelist/gmxCodelists.xml#MD_KeywordTypeCode" codeListValue="place" codeSpace="ISOTC211/19115">place</MD_KeywordTypeCode>
                    </type>
                    <thesaurusName>
                        <CI_Citation>
                            <title>
                                <gco:CharacterString>ANSI INCITS 38:2009 (Formerly FIPS 5-2), ANSI INCITS 31:2009 (Formerly FIPS 6-4),ANSI INCITS 454:2009 (Formerly FIPS 8-6), ANSI INCITS 455:2009(Formerly FIPS 9-1), ANSI INCITS 446:2008 (Geographic Names Information System (GNIS))</gco:CharacterString>
                            </title>
                            <date gco:nilReason="missing"/>
                            <citedResponsibleParty gco:nilReason="missing"/>
                        </CI_Citation>
                    </thesaurusName>
                </MD_Keywords>
            </descriptiveKeywords>
            <descriptiveKeywords>
                <MD_Keywords>
                    <keyword>
                        <gco:CharacterString>Hawaii</gco:CharacterString>
                    </keyword>
                    <keyword>
                        <gco:CharacterString>U.S. Virgin Islands</gco:CharacterString>
                    </keyword>
                    <keyword>
                        <gco:CharacterString>Alaska</gco:CharacterString>
                    </keyword>
                    <keyword>
                        <gco:CharacterString>CONUS</gco:CharacterString>
                    </keyword>
                    <keyword>
                        <gco:CharacterString>American Samoa</gco:CharacterString>
                    </keyword>
                    <keyword>
                        <gco:CharacterString>United States</gco:CharacterString>
                    </keyword>
                    <keyword>
                        <gco:CharacterString>Guam</gco:CharacterString>
                    </keyword>
                    <keyword>
                        <gco:CharacterString>Puerto Rico</gco:CharacterString>
                    </keyword>
                    <keyword>
                        <gco:CharacterString>Northern Marianas</gco:CharacterString>
                    </keyword>
                    <type>
                        <MD_KeywordTypeCode codeList="http://www.isotc211.org/2005/resources/Codelist/gmxCodelists.xml#MD_KeywordTypeCode" codeListValue="place" codeSpace="ISOTC211/19115">place</MD_KeywordTypeCode>
                    </type>
                    <thesaurusName>
                        <CI_Citation>
                            <title>
                                <gco:CharacterString>ANSI INCITS 38:2009 (Formerly FIPS 5-2), ANSI INCITS 31:2009 (Formerly FIPS 6-4),ANSI INCITS 454:2009 (Formerly FIPS 8-6), ANSI INCITS 455:2009(Formerly FIPS 9-1), ANSI INCITS 446:2008 (Geographic Names Information System (GNIS))</gco:CharacterString>
                            </title>
                            <date gco:nilReason="missing"/>
                            <citedResponsibleParty gco:nilReason="missing"/>
                        </CI_Citation>
                    </thesaurusName>
                </MD_Keywords>
            </descriptiveKeywords>
            <descriptiveKeywords>
                <MD_Keywords>
                    <keyword>
                        <gco:CharacterString>Hawaii</gco:CharacterString>
                    </keyword>
                    <keyword>
                        <gco:CharacterString>U.S. Virgin Islands</gco:CharacterString>
                    </keyword>
                    <keyword>
                        <gco:CharacterString>Alaska</gco:CharacterString>
                    </keyword>
                    <keyword>
                        <gco:CharacterString>CONUS</gco:CharacterString>
                    </keyword>
                    <keyword>
                        <gco:CharacterString>American Samoa</gco:CharacterString>
                    </keyword>
                    <keyword>
                        <gco:CharacterString>United States</gco:CharacterString>
                    </keyword>
                    <keyword>
                        <gco:CharacterString>Guam</gco:CharacterString>
                    </keyword>
                    <keyword>
                        <gco:CharacterString>Puerto Rico</gco:CharacterString>
                    </keyword>
                    <keyword>
                        <gco:CharacterString>Northern Marianas</gco:CharacterString>
                    </keyword>
                    <type>
                        <MD_KeywordTypeCode codeList="http://www.isotc211.org/2005/resources/Codelist/gmxCodelists.xml#MD_KeywordTypeCode" codeListValue="place" codeSpace="ISOTC211/19115">place</MD_KeywordTypeCode>
                    </type>
                    <thesaurusName>
                        <CI_Citation>
                            <title>
                                <gco:CharacterString>ANSI INCITS 38:2009 (Formerly FIPS 5-2), ANSI INCITS 31:2009 (Formerly FIPS 6-4),ANSI INCITS 454:2009 (Formerly FIPS 8-6), ANSI INCITS 455:2009(Formerly FIPS 9-1), ANSI INCITS 446:2008 (Geographic Names Information System (GNIS))</gco:CharacterString>
                            </title>
                            <date gco:nilReason="missing"/>
                            <citedResponsibleParty gco:nilReason="missing"/>
                        </CI_Citation>
                    </thesaurusName>
                </MD_Keywords>
            </descriptiveKeywords>
            <descriptiveKeywords>
                <MD_Keywords>
                    <keyword>
                        <gco:CharacterString>Hawaii</gco:CharacterString>
                    </keyword>
                    <keyword>
                        <gco:CharacterString>U.S. Virgin Islands</gco:CharacterString>
                    </keyword>
                    <keyword>
                        <gco:CharacterString>Alaska</gco:CharacterString>
                    </keyword>
                    <keyword>
                        <gco:CharacterString>CONUS</gco:CharacterString>
                    </keyword>
                    <keyword>
                        <gco:CharacterString>American Samoa</gco:CharacterString>
                    </keyword>
                    <keyword>
                        <gco:CharacterString>United States</gco:CharacterString>
                    </keyword>
                    <keyword>
                        <gco:CharacterString>Guam</gco:CharacterString>
                    </keyword>
                    <keyword>
                        <gco:CharacterString>Puerto Rico</gco:CharacterString>
                    </keyword>
                    <keyword>
                        <gco:CharacterString>Northern Marianas</gco:CharacterString>
                    </keyword>
                    <type>
                        <MD_KeywordTypeCode codeList="http://www.isotc211.org/2005/resources/Codelist/gmxCodelists.xml#MD_KeywordTypeCode" codeListValue="place" codeSpace="ISOTC211/19115">place</MD_KeywordTypeCode>
                    </type>
                    <thesaurusName>
                        <CI_Citation>
                            <title>
                                <gco:CharacterString>ANSI INCITS 38:2009 (Formerly FIPS 5-2), ANSI INCITS 31:2009 (Formerly FIPS 6-4),ANSI INCITS 454:2009 (Formerly FIPS 8-6), ANSI INCITS 455:2009(Formerly FIPS 9-1), ANSI INCITS 446:2008 (Geographic Names Information System (GNIS))</gco:CharacterString>
                            </title>
                            <date gco:nilReason="missing"/>
                            <citedResponsibleParty gco:nilReason="missing"/>
                        </CI_Citation>
                    </thesaurusName>
                </MD_Keywords>
            </descriptiveKeywords>
            <descriptiveKeywords>
                <MD_Keywords>
                    <keyword>
                        <gco:CharacterString>Hawaii</gco:CharacterString>
                    </keyword>
                    <keyword>
                        <gco:CharacterString>U.S. Virgin Islands</gco:CharacterString>
                    </keyword>
                    <keyword>
                        <gco:CharacterString>Alaska</gco:CharacterString>
                    </keyword>
                    <keyword>
                        <gco:CharacterString>CONUS</gco:CharacterString>
                    </keyword>
                    <keyword>
                        <gco:CharacterString>American Samoa</gco:CharacterString>
                    </keyword>
                    <keyword>
                        <gco:CharacterString>United States</gco:CharacterString>
                    </keyword>
                    <keyword>
                        <gco:CharacterString>Guam</gco:CharacterString>
                    </keyword>
                    <keyword>
                        <gco:CharacterString>Puerto Rico</gco:CharacterString>
                    </keyword>
                    <keyword>
                        <gco:CharacterString>Northern Marianas</gco:CharacterString>
                    </keyword>
                    <type>
                        <MD_KeywordTypeCode codeList="http://www.isotc211.org/2005/resources/Codelist/gmxCodelists.xml#MD_KeywordTypeCode" codeListValue="place" codeSpace="ISOTC211/19115">place</MD_KeywordTypeCode>
                    </type>
                    <thesaurusName>
                        <CI_Citation>
                            <title>
                                <gco:CharacterString>ANSI INCITS 38:2009 (Formerly FIPS 5-2), ANSI INCITS 31:2009 (Formerly FIPS 6-4),ANSI INCITS 454:2009 (Formerly FIPS 8-6), ANSI INCITS 455:2009(Formerly FIPS 9-1), ANSI INCITS 446:2008 (Geographic Names Information System (GNIS))</gco:CharacterString>
                            </title>
                            <date gco:nilReason="missing"/>
                            <citedResponsibleParty gco:nilReason="missing"/>
                        </CI_Citation>
                    </thesaurusName>
                </MD_Keywords>
            </descriptiveKeywords>
            <descriptiveKeywords>
                <MD_Keywords>
                    <keyword>
                        <gco:CharacterString>Hawaii</gco:CharacterString>
                    </keyword>
                    <keyword>
                        <gco:CharacterString>U.S. Virgin Islands</gco:CharacterString>
                    </keyword>
                    <keyword>
                        <gco:CharacterString>Alaska</gco:CharacterString>
                    </keyword>
                    <keyword>
                        <gco:CharacterString>CONUS</gco:CharacterString>
                    </keyword>
                    <keyword>
                        <gco:CharacterString>American Samoa</gco:CharacterString>
                    </keyword>
                    <keyword>
                        <gco:CharacterString>United States</gco:CharacterString>
                    </keyword>
                    <keyword>
                        <gco:CharacterString>Guam</gco:CharacterString>
                    </keyword>
                    <keyword>
                        <gco:CharacterString>Puerto Rico</gco:CharacterString>
                    </keyword>
                    <keyword>
                        <gco:CharacterString>Northern Marianas</gco:CharacterString>
                    </keyword>
                    <type>
                        <MD_KeywordTypeCode codeList="http://www.isotc211.org/2005/resources/Codelist/gmxCodelists.xml#MD_KeywordTypeCode" codeListValue="place" codeSpace="ISOTC211/19115">place</MD_KeywordTypeCode>
                    </type>
                    <thesaurusName>
                        <CI_Citation>
                            <title>
                                <gco:CharacterString>ANSI INCITS 38:2009 (Formerly FIPS 5-2), ANSI INCITS 31:2009 (Formerly FIPS 6-4),ANSI INCITS 454:2009 (Formerly FIPS 8-6), ANSI INCITS 455:2009(Formerly FIPS 9-1), ANSI INCITS 446:2008 (Geographic Names Information System (GNIS))</gco:CharacterString>
                            </title>
                            <date gco:nilReason="missing"/>
                            <citedResponsibleParty gco:nilReason="missing"/>
                        </CI_Citation>
                    </thesaurusName>
                </MD_Keywords>
            </descriptiveKeywords>
            <descriptiveKeywords>
                <MD_Keywords>
                    <keyword>
                        <gco:CharacterString>Hawaii</gco:CharacterString>
                    </keyword>
                    <keyword>
                        <gco:CharacterString>U.S. Virgin Islands</gco:CharacterString>
                    </keyword>
                    <keyword>
                        <gco:CharacterString>Alaska</gco:CharacterString>
                    </keyword>
                    <keyword>
                        <gco:CharacterString>CONUS</gco:CharacterString>
                    </keyword>
                    <keyword>
                        <gco:CharacterString>American Samoa</gco:CharacterString>
                    </keyword>
                    <keyword>
                        <gco:CharacterString>United States</gco:CharacterString>
                    </keyword>
                    <keyword>
                        <gco:CharacterString>Guam</gco:CharacterString>
                    </keyword>
                    <keyword>
                        <gco:CharacterString>Puerto Rico</gco:CharacterString>
                    </keyword>
                    <keyword>
                        <gco:CharacterString>Northern Marianas</gco:CharacterString>
                    </keyword>
                    <type>
                        <MD_KeywordTypeCode codeList="http://www.isotc211.org/2005/resources/Codelist/gmxCodelists.xml#MD_KeywordTypeCode" codeListValue="place" codeSpace="ISOTC211/19115">place</MD_KeywordTypeCode>
                    </type>
                    <thesaurusName>
                        <CI_Citation>
                            <title>
                                <gco:CharacterString>ANSI INCITS 38:2009 (Formerly FIPS 5-2), ANSI INCITS 31:2009 (Formerly FIPS 6-4),ANSI INCITS 454:2009 (Formerly FIPS 8-6), ANSI INCITS 455:2009(Formerly FIPS 9-1), ANSI INCITS 446:2008 (Geographic Names Information System (GNIS))</gco:CharacterString>
                            </title>
                            <date gco:nilReason="missing"/>
                            <citedResponsibleParty gco:nilReason="missing"/>
                        </CI_Citation>
                    </thesaurusName>
                </MD_Keywords>
            </descriptiveKeywords>
            <descriptiveKeywords>
                <MD_Keywords>
                    <keyword>
                        <gco:CharacterString>state boundary</gco:CharacterString>
                    </keyword>
                    <keyword>
                        <gco:CharacterString>NGDA</gco:CharacterString>
                    </keyword>
                    <keyword>
                        <gco:CharacterString>Governmental Units and Administrative and Statistical Boundaries</gco:CharacterString>
                    </keyword>
                    <keyword>
                        <gco:CharacterString>National Geospatial Data Asset</gco:CharacterString>
                    </keyword>
                    <type>
                        <MD_KeywordTypeCode codeList="http://www.isotc211.org/2005/resources/Codelist/gmxCodelists.xml#MD_KeywordTypeCode" codeListValue="theme" codeSpace="ISOTC211/19115">theme</MD_KeywordTypeCode>
                    </type>
                </MD_Keywords>
            </descriptiveKeywords>
            <descriptiveKeywords>
                <MD_Keywords>
                    <keyword>
                        <gco:CharacterString>state boundary</gco:CharacterString>
                    </keyword>
                    <keyword>
                        <gco:CharacterString>NGDA</gco:CharacterString>
                    </keyword>
                    <keyword>
                        <gco:CharacterString>Governmental Units and Administrative and Statistical Boundaries</gco:CharacterString>
                    </keyword>
                    <keyword>
                        <gco:CharacterString>National Geospatial Data Asset</gco:CharacterString>
                    </keyword>
                    <type>
                        <MD_KeywordTypeCode codeList="http://www.isotc211.org/2005/resources/Codelist/gmxCodelists.xml#MD_KeywordTypeCode" codeListValue="theme" codeSpace="ISOTC211/19115">theme</MD_KeywordTypeCode>
                    </type>
                </MD_Keywords>
            </descriptiveKeywords>
            <descriptiveKeywords>
                <MD_Keywords>
                    <keyword>
                        <gco:CharacterString>state boundary</gco:CharacterString>
                    </keyword>
                    <keyword>
                        <gco:CharacterString>NGDA</gco:CharacterString>
                    </keyword>
                    <keyword>
                        <gco:CharacterString>Governmental Units and Administrative and Statistical Boundaries</gco:CharacterString>
                    </keyword>
                    <keyword>
                        <gco:CharacterString>National Geospatial Data Asset</gco:CharacterString>
                    </keyword>
                    <type>
                        <MD_KeywordTypeCode codeList="http://www.isotc211.org/2005/resources/Codelist/gmxCodelists.xml#MD_KeywordTypeCode" codeListValue="theme" codeSpace="ISOTC211/19115">theme</MD_KeywordTypeCode>
                    </type>
                </MD_Keywords>
            </descriptiveKeywords>
            <descriptiveKeywords>
                <MD_Keywords>
                    <keyword>
                        <gco:CharacterString>state boundary</gco:CharacterString>
                    </keyword>
                    <keyword>
                        <gco:CharacterString>NGDA</gco:CharacterString>
                    </keyword>
                    <keyword>
                        <gco:CharacterString>Governmental Units and Administrative and Statistical Boundaries</gco:CharacterString>
                    </keyword>
                    <keyword>
                        <gco:CharacterString>National Geospatial Data Asset</gco:CharacterString>
                    </keyword>
                    <type>
                        <MD_KeywordTypeCode codeList="http://www.isotc211.org/2005/resources/Codelist/gmxCodelists.xml#MD_KeywordTypeCode" codeListValue="theme" codeSpace="ISOTC211/19115">theme</MD_KeywordTypeCode>
                    </type>
                </MD_Keywords>
            </descriptiveKeywords>
            <descriptiveKeywords>
                <MD_Keywords>
                    <keyword>
                        <gco:CharacterString>Downloadable Data</gco:CharacterString>
                    </keyword>
                    <thesaurusName uuidref="723f6998-058e-11dc-8314-0800200c9a66"/>
                </MD_Keywords>
            </descriptiveKeywords>
            <resourceConstraints>
                <MD_Constraints>
                    <useLimitation>
                        <gco:CharacterString>The TIGER/Line Shapefile products are not copyrighted however TIGER/Line and Census TIGER are registered trademarks of the U.S. Census Bureau. These products are free to use in a product or publication, however acknowledgement must be given to the U.S. Census Bureau as the source. The boundary information in the TIGER/Line Shapefiles are for statistical data collection and tabulation purposes only; their depiction and designation for statistical purposes does not constitute a determination of jurisdictional authority or rights of ownership or entitlement and they are not legal land descriptions.Coordinates in the TIGER/Line shapefiles have six implied decimal places, but the positional accuracy of these coordinates is not as great as the six decimal places suggest.</gco:CharacterString>
                    </useLimitation>
                </MD_Constraints>
            </resourceConstraints>
            <resourceConstraints>
                <MD_LegalConstraints>
                    <useLimitation>
                        <gco:CharacterString>Distributor assumes no liability for misuse of data. No warranty, expressed or implied is made with regard to the accuracy of these data, and no liability is assumed by the U.S. Government in general or the U.S. Census Bureau in specific as to the spatial or attribute accuracy of the data. The act of distribution shall not constitute any such warranty and no responsibility is assumed by the U.S. government in the use of these files. The boundary information in the TIGER/Line Shapefiles is for statistical data collection and tabulation purposes only; their depiction and designation for statistical purposes do not constitute a determination of jurisdictional authority or rights of ownership or entitlement and they are not legal land descriptions.</gco:CharacterString>
                    </useLimitation>
                </MD_LegalConstraints>
            </resourceConstraints>
            <spatialRepresentationType>
                <MD_SpatialRepresentationTypeCode codeList="http://www.isotc211.org/2005/resources/Codelist/gmxCodelists.xml#MD_SpatialRepresentationTypeCode" codeListValue="vector" codeSpace="ISOTC211/19115">vector</MD_SpatialRepresentationTypeCode>
            </spatialRepresentationType>
            <language>
                <LanguageCode codeList="http://www.loc.gov/standards/iso639-2/php/code_list.php" codeListValue="eng" codeSpace="ISO639-2">eng</LanguageCode>
            </language>
            <characterSet>
                <MD_CharacterSetCode codeList="http://www.isotc211.org/2005/resources/Codelist/gmxCodelists.xml#MD_CharacterSetCode" codeListValue="utf8" codeSpace="ISOTC211/19115">utf8</MD_CharacterSetCode>
            </characterSet>
            <topicCategory>
                <MD_TopicCategoryCode>boundaries</MD_TopicCategoryCode>
            </topicCategory>
            <environmentDescription>
                <gco:CharacterString>Version 6.2 (Build 9200) ; Esri ArcGIS 10.4.1.5686</gco:CharacterString>
            </environmentDescription>
            <extent>
                <EX_Extent>
                    <geographicElement>
                        <EX_GeographicBoundingBox>
                            <westBoundLongitude>
                                <gco:Decimal>-179.231086</gco:Decimal>
                            </westBoundLongitude>
                            <eastBoundLongitude>
                                <gco:Decimal>179.859681</gco:Decimal>
                            </eastBoundLongitude>
                            <southBoundLatitude>
                                <gco:Decimal>-14.601813</gco:Decimal>
                            </southBoundLatitude>
                            <northBoundLatitude>
                                <gco:Decimal>71.441059</gco:Decimal>
                            </northBoundLatitude>
                        </EX_GeographicBoundingBox>
                    </geographicElement>
                </EX_Extent>
            </extent>
            <extent>
                <EX_Extent>
                    <description>
                        <gco:CharacterString>publication date</gco:CharacterString>
                    </description>
                    <temporalElement>
                        <EX_TemporalExtent>
                            <extent>
                                <gml:TimePeriod gml:id="N65719">
                                    <gml:beginPosition>2015-06-01</gml:beginPosition>
                                    <gml:endPosition>2016-05-01</gml:endPosition>
                                </gml:TimePeriod>
                            </extent>
                        </EX_TemporalExtent>
                    </temporalElement>
                </EX_Extent>
            </extent>
            <extent>
                <EX_Extent>
                    <geographicElement>
                        <EX_GeographicBoundingBox>
                            <extentTypeCode>
                                <gco:Boolean>true</gco:Boolean>
                            </extentTypeCode>
                            <westBoundLongitude>
                                <gco:Decimal>-179.231086</gco:Decimal>
                            </westBoundLongitude>
                            <eastBoundLongitude>
                                <gco:Decimal>179.859681</gco:Decimal>
                            </eastBoundLongitude>
                            <southBoundLatitude>
                                <gco:Decimal>-14.601813</gco:Decimal>
                            </southBoundLatitude>
                            <northBoundLatitude>
                                <gco:Decimal>71.441059</gco:Decimal>
                            </northBoundLatitude>
                        </EX_GeographicBoundingBox>
                    </geographicElement>
                </EX_Extent>
            </extent>
            <supplementalInformation>
                <gco:CharacterString>If you are using this dataset as a shapefile, please be aware that it was converted from a Geodatabase.  As a result, this shapefile may have attribution and metadata errors resulting from the conversion process. The following are known issues: null values may have been changed to 0s (zeros) or to blank values, numbers (including latitude and longitude) may have been rounded up or down, there may be issues with Unicode character strings, and time cannot be stored in a date field. Field names may have been truncated to no longer than 10 characters or completely changed, lengthy string attributes may have been truncated to 254 characters, and attribute columns may have been deleted. Shapefiles do not support coded domains and subtypes therefore the original file geodatabase attribution and metadata information for coded domains and subtypes could be incorrect or missing in the shapefile version. Please visit the following ESRI website for more information: http://pro.arcgis.com/en/pro-app/tool-reference/appendices/geoprocessing-considerations-for-Shapefile-output.htm</gco:CharacterString>
            </supplementalInformation>
        </MD_DataIdentification>
    </identificationInfo>
    <distributionInfo>
        <MD_Distribution>
            <distributionFormat>
                <MD_Format>
                    <name>
                        <gco:CharacterString>File Geodatabase Feature Class</gco:CharacterString>
                    </name>
                    <version gco:nilReason="missing"/>
                </MD_Format>
            </distributionFormat>
            <distributionFormat>
                <MD_Format>
                    <name>
                        <gco:CharacterString>Vector Digital Data Set (Polygon)</gco:CharacterString>
                    </name>
                    <version gco:nilReason="missing"/>
                    <fileDecompressionTechnique>
                        <gco:CharacterString>PK-ZIP, version 1.93 A or higher</gco:CharacterString>
                    </fileDecompressionTechnique>
                </MD_Format>
            </distributionFormat>
            <distributor>
                <MD_Distributor>
                    <distributorContact>
                        <CI_ResponsibleParty>
                            <organisationName>
                                <gco:CharacterString>U.S. Department of Commerce, U.S. Census Bureau, Geography Division, Spatial Data Collection and Products Branch</gco:CharacterString>
                            </organisationName>
                            <contactInfo>
                                <CI_Contact>
                                    <phone>
                                        <CI_Telephone>
                                            <voice>
                                                <gco:CharacterString>301-763-1128</gco:CharacterString>
                                            </voice>
                                            <facsimile>
                                                <gco:CharacterString>301-763-4710</gco:CharacterString>
                                            </facsimile>
                                        </CI_Telephone>
                                    </phone>
                                    <address>
                                        <CI_Address>
                                            <deliveryPoint>
                                                <gco:CharacterString>4600 Silver Hill Road, Stop 7400</gco:CharacterString>
                                            </deliveryPoint>
                                            <city>
                                                <gco:CharacterString>Washington</gco:CharacterString>
                                            </city>
                                            <administrativeArea>
                                                <gco:CharacterString>DC</gco:CharacterString>
                                            </administrativeArea>
                                            <postalCode>
                                                <gco:CharacterString>20233-7400</gco:CharacterString>
                                            </postalCode>
                                            <country>
                                                <Country codeList="http://www.iso.org/iso/country_codes/iso_3166_code_lists.htm" codeListValue="US" codeSpace="ISO3166-1">US</Country>
                                            </country>
                                            <electronicMailAddress>
                                                <gco:CharacterString>geo.geography@census.gov</gco:CharacterString>
                                            </electronicMailAddress>
                                        </CI_Address>
                                    </address>
                                </CI_Contact>
                            </contactInfo>
                            <role>
                                <CI_RoleCode codeList="http://www.isotc211.org/2005/resources/Codelist/gmxCodelists.xml#CI_RoleCode" codeListValue="distributor" codeSpace="ISOTC211/19115">distributor</CI_RoleCode>
                            </role>
                        </CI_ResponsibleParty>
                    </distributorContact>
                    <distributionOrderProcess>
                        <MD_StandardOrderProcess>
                            <fees>
                                <gco:CharacterString>None. No fees are applicable for obtaining the data set. The online copy of the TIGER/Line Shapefiles may be accessed without charge.</gco:CharacterString>
                            </fees>
                            <orderingInstructions>
                                <gco:CharacterString>To obtain more information about ordering TIGER/Line Shapefiles visit http://www.census.gov/geo/www/tiger</gco:CharacterString>
                            </orderingInstructions>
                        </MD_StandardOrderProcess>
                    </distributionOrderProcess>
                </MD_Distributor>
            </distributor>
            <transferOptions>
                <MD_DigitalTransferOptions>
                    <onLine>
                        <CI_OnlineResource>
                            <linkage>
                                <URL>https://tigerweb.geo.census.gov/arcgis/rest/services/TIGERweb/State_County/MapServer</URL>
                            </linkage>
                            <protocol gco:nilReason="missing"/>
                        </CI_OnlineResource>
                    </onLine>
                    <onLine>
                        <CI_OnlineResource>
                            <linkage>
                                <URL>http://www2.census.gov/geo/tiger/TIGER2016/STATE/tl_2016_us_state.zip</URL>
                            </linkage>
                            <protocol gco:nilReason="missing"/>
                        </CI_OnlineResource>
                    </onLine>
                    <onLine>
                        <CI_OnlineResource>
                            <linkage>
                                <URL>https://tigerweb.geo.census.gov/arcgis/services/TIGERweb/tigerWMS_Current/MapServer/WMSServer</URL>
                            </linkage>
                            <protocol gco:nilReason="missing"/>
                        </CI_OnlineResource>
                    </onLine>
                </MD_DigitalTransferOptions>
            </transferOptions>
            <transferOptions>
                <MD_DigitalTransferOptions>
                    <onLine>
                        <CI_OnlineResource>
                            <linkage>
                                <URL>http://www2.census.gov/geo/tiger/TIGER2016/STATE/tl_2016_us_state.zip</URL>
                            </linkage>
                            <protocol gco:nilReason="missing"/>
                        </CI_OnlineResource>
                    </onLine>
                </MD_DigitalTransferOptions>
            </transferOptions>
        </MD_Distribution>
    </distributionInfo>
    <dataQualityInfo>
        <DQ_DataQuality>
            <scope>
                <DQ_Scope>
                    <level>
                        <MD_ScopeCode codeList="http://www.isotc211.org/2005/resources/Codelist/gmxCodelists.xml#MD_ScopeCode" codeListValue="dataset" codeSpace="ISOTC211/19115">dataset</MD_ScopeCode>
                    </level>
                </DQ_Scope>
            </scope>
            <report>
                <DQ_ConceptualConsistency>
                    <measureDescription>
                        <gco:CharacterString>The Census Bureau performed automated tests to ensure logical consistency and limits of shapefiles. Segments making up the outer and inner boundaries of a polygon tie end-to-end to completely enclose the area. All polygons are tested for closure. The Census Bureau uses its internally developed geographic update system to enhance and modify spatial and attribute data in the Census MAF/TIGER database. Standard geographic codes, such as FIPS codes for states, counties, municipalities, county subdivisions, places, American Indian/Alaska Native/Native Hawaiian areas, and congressional districts are used when encoding spatial entities. The Census Bureau performed spatial data tests for logical consistency of the codes during the compilation of the original Census MAF/TIGER database files. Most of the codes for geographic entities except states, counties, urban areas, Core Based Statistical Areas (CBSAs), American Indian Areas (AIAs), and congressional districts were provided to the Census Bureau by the USGS, the agency responsible for maintaining the Geographic Names Information System (GNIS). Feature attribute information has been examined but has not been fully tested for consistency. For the TIGER/Line Shapefiles, the Point and Vector Object Count for the G-polygon SDTS Point and Vector Object Type reflects the number of records in the shapefile attribute table. For multi-polygon features, only one attribute record exists for each multi-polygon rather than one attribute record per individual G-polygon component of the multi-polygon feature. TIGER/Line Shapefile multi-polygons are an exception to the G-polygon object type classification. Therefore, when multi-polygons exist in a shapefile, the object count will be less than the actual number of G-polygons.</gco:CharacterString>
                    </measureDescription>
                    <result gco:nilReason="missing"/>
                </DQ_ConceptualConsistency>
            </report>
            <report>
                <DQ_CompletenessOmission>
                    <measureDescription>
                        <gco:CharacterString>Data completeness of the TIGER/Line Shapefiles reflects the contents of the Census MAF/TIGER database at the time the TIGER/Line Shapefiles were created.</gco:CharacterString>
                    </measureDescription>
                    <result gco:nilReason="missing"/>
                </DQ_CompletenessOmission>
            </report>
            <report>
                <DQ_QuantitativeAttributeAccuracy>
                    <measureDescription>
                        <gco:CharacterString>Accurate against National Standard Codes, Federal Information Processing (FIPS) and the Geographic Names Information System (GNIS) at the 100% level for the codes and base names. The remaining attribute information has been examined but has not been fully tested for accuracy.</gco:CharacterString>
                    </measureDescription>
                    <result gco:nilReason="missing"/>
                </DQ_QuantitativeAttributeAccuracy>
            </report>
            <lineage>
                <LI_Lineage>
                    <processStep>
                        <LI_ProcessStep>
                            <description>
                                <gco:CharacterString>TIGER/Line Shapefiles are extracted from the Census MAF/TIGER database by nation, state, county, and entity. Census MAF/TIGER data for all of the aforementioned geographic entities are then distributed among the shapefiles each containing attributes for line, polygon, or landmark geographic data.</gco:CharacterString>
                            </description>
                            <dateTime>
                                <gco:DateTime>2016-01-01T00:00:00</gco:DateTime>
                            </dateTime>
                        </LI_ProcessStep>
                    </processStep>
                    <source>
                        <LI_Source>
                            <description>
                                <gco:CharacterString>All line segments</gco:CharacterString>
                            </description>
                            <sourceCitation>
                                <CI_Citation>
                                    <title>
                                        <gco:CharacterString>Census MAF/TIGER database</gco:CharacterString>
                                    </title>
                                    <date gco:nilReason="missing"/>
                                    <citedResponsibleParty gco:nilReason="missing"/>
                                </CI_Citation>
                            </sourceCitation>
                            <sourceExtent>
                                <EX_Extent>
                                    <description>
                                        <gco:CharacterString>publication date</gco:CharacterString>
                                    </description>
                                    <temporalElement>
                                        <EX_TemporalExtent>
                                            <extent>
                                                <gml:TimePeriod gml:id="N65874">
                                                    <gml:beginPosition>2015-06-01</gml:beginPosition>
                                                    <gml:endPosition>2016-05-01</gml:endPosition>
                                                </gml:TimePeriod>
                                            </extent>
                                        </EX_TemporalExtent>
                                    </temporalElement>
                                </EX_Extent>
                            </sourceExtent>
                        </LI_Source>
                    </source>
                </LI_Lineage>
            </lineage>
        </DQ_DataQuality>
    </dataQualityInfo>
</MD_Metadata>
